USERID,OBJID,RATING,LATITUDE,LONGITUDE
S156HzsEW-BjCfzu0xLe9A,ImU8asw-7e_9sZoDc2lzXA,2,36.2026616,-115.2436227
gAH0POhe-xwkH_wmXF1tYw,InpTA6-ErH8JVwTKsbWNZA,5,36.1174731237,-115.089697105
oEshN5oq98_g23MvEnRc5A,CDbtT91FYGMRFiAMYTE-uQ,4,55.9455566,-3.1846324
NLX7OC9XpCSzlOBMG_lmeQ,12sLUp6XxjHPYf12j1IOqQ,4,43.7089419,-79.3990096
Tjv5bBtJ-Z_CLiY-rheG2g,AfQjI9Wbu6_Hzy2b3e7JLw,4,43.653067,-79.384058
7N0HO20l5hDb1m4JsUDlpg,aIZQF2UCLv6ru-zsPK4H2Q,5,33.399961,-112.0294349
7vsMC2RndD2WertWHA5GJQ,XmgdFa3G_CZVfjtQEJMZfQ,4,43.6572066092,-79.4042482642
DBHCFW3mSmmOEpONHVu1rQ,BYNPZf2RPFrqVvjBlwfZOw,4,43.8770052725,-79.4107820168
fuux76suMAhWIpwQdNqIWg,doX6YraMmCimqAhnQR2mYA,5,36.0128454,-115.1542808
f5AzyVdIDASkl8kAJSZq7Q,VG-ceXs6jg_gZ5R7gfkTxQ,1,36.0680431216,-115.177205911
n9RM5dQs7DEbUNZR2AAPVw,SSfNzgqA-3cbM7aWK-4nDw,5,33.4656782927,-111.916540718
Eyw6XT1bFo_vKpFfIcuAag,7YJrRufp-0tlNnihJy-Xeg,5,36.068406,-115.251131
G8M4H_3OwVYld36Xrzu_Bg,RK5YJ01Rla3nLOTe7JPktA,4,45.5009751,-73.572825
MJKg_Z3Ba0GyEjDgTGmX8g,Gpr3RKvXXH5aa2XfXRwscA,4,43.661743,-79.3860935
GTcKUjRulTRN_XxehMgSZQ,04jtcZLxvrFOi_G9ElWYtQ,3,36.1247777,-114.9085555
5JNgIiiVVXClwS6ut_Z9rg,KXfhB9wkyycKBi3BZ7On5A,5,33.473986,-112.0743109
kKXjr2cCjPMQoX0OiB6XRA,EozORgWFUCiiMfIjnKxhXg,4,48.8326,9.31514
gKvhQ1I3pJWdtDNNMllhdg,SaI-99XOm7LMStUrjyG4jw,1,43.6467758,-79.3824909
o0WGr8L3BWfH2Bslpnqw6g,5-1zA-TaCUeDa74uzXl78A,4,55.952433,-3.2023247
O4jEU1IsyccHMLZnOhkpzA,TCEOq0IoCW76Z7J9jwED9g,1,36.3255827,-115.2896852
135DbbQnr3BEkQbBzZ9T1A,Mf1tLeJhoab7fN2r7rGB7g,3,40.5569121,-80.0199562
2m2MNnlOdofofmUs-hYTJQ,aZG9Hp8fdgzq37iuB1QTYg,5,35.1032362,-80.9437367
9nUtGoOnZMPlZdUQV_aqTA,E0hjQKyw3IRaVsyayTPr7w,3,55.9462019,-3.2159857
CTaZ3ebFGQMHaLZhnO2EuA,wWCID-HxH2wITPDIqghuiQ,4,41.3019045,-81.3419409
zIOxNinC6ofIwwGjO9rUWg,XIg92ukZJn_1aiNx0OmusQ,5,45.480889,-73.5787889
U83weFx8vCDw7zYO-4FeWA,--SrzpvFLwP_YFwB_Cetow,4,43.8067504,-79.2888581
S-o3iFv-AFdgE4FXNMJ1Kw,C14bjKs2rJhRDnKu7ZSSIg,4,33.487608,-112.082516
_n1EYl_LwS4Do1JLJX8VdQ,mUeJYYxV0FbIFEHq2dtIhw,3,33.4722842,-112.2721366
L8P5OWO1Jh4B2HLa1Fnbng,_miMpqv-9ay174DfRopwpg,3,36.0113116,-115.1747074
uRcZURC3ituvPT0en9l3xA,GiDPLKtTfNHTb0koEWIz2g,1,33.3215399,-111.9275344
peVsgFj0qa8SErmzIDM0lg,w_UCGMgok7N9p0XdYBx1VQ,3,40.440287,-80.002585
_jYEC7fvqTxu5R2jhk_NDQ,o0c4waS2vQG2LqLaTCwZDA,5,33.4486019,-112.0581691
yxplUTyzTXGz0Fj1doXWcA,VecnSuJm8sD83LWJ_KqAtg,1,55.9308866,-3.2100043
jnB_saJqNfOmVoCWquhAzg,pw_YJMxkqEdXGI549TriAA,4,43.6112889,-79.5568671
SlgpAnj2gQd44EM_Uq6DkQ,9bfuS3rmaLUgElvmbMy30w,2,35.227396,-80.842257
_A8CO1V40LPIkXqE-LTYTg,Xx_bvAVlMw8ggBN8gNuugg,5,43.8652279107,-79.3896102905
NLX7OC9XpCSzlOBMG_lmeQ,2auigv5pF08RjJ8CL1dIVw,4,43.6464088498,-79.3899822895
P9wWG8KKmYeb7cqSd5BdjQ,5Jgwr84zJyNWuqyWVPXCFw,4,55.9458239,-3.2044279
CaaGjAM1yL_t4yhNLD3f_g,1bkp1NeTw5yg3hTsldkoPA,4,43.7793621,-79.417417
6jz_Yr6_AP2WWLbj9gGDpA,lhWpC9uGAyFus5BQYsyL6g,5,33.651405866,-112.36750875
R7dm_9m_OrlMOZpfU2Dk9A,G9U-dJNiCfhelEeFgHCFVg,2,43.6581800319,-79.4526503172
53bZ_EsXH71L7iFs5MP9_w,4uiijOUDzc-DeIb2XcKW_A,2,36.128561,-115.1711298
HQPh8nKNdn1jLRfiAWdu6Q,PQQQKu5lD8F0Rg9MxrGcgQ,4,36.1053552746,-115.150620619
bpumXJ7CDR8-Ap9HBYmgSA,tShJjONEucuIVvkBmEHu5Q,5,33.3548623819,-111.791124344
KdUAqW58EwaA-gZ4Me1W9A,koWjyPEroRzW4QvlwsBgUw,4,43.667531,-79.38573
oGQnKOBNrwERM-MLLfpyGA,8R_oemw4rNjJL6sd40O_oQ,4,33.495514,-111.979848
1DsuFRjdW0gDA23Xswzoqg,TIqOCRMRVjZ2zukO93axdQ,3,33.393794,-111.8683119
6pDCqee5g6jFB402L15kmg,HCwpeRZENHXOGIbKemOxeQ,4,43.6758214,-79.3970251
qpcEm7kP20JGc0yreXmeTg,gRPDzmMU_0pQo7LyxrZ2Lg,2,40.2663797556,-80.0025972039
H5TEwR-OD0XxILGNaewohA,7dFgaA_Bu1yvs42mDmjRAA,5,55.9592153502,-3.2146995351
Ck3-SikwEb0U9G7RKh-O_w,CUgRXXf5UQVqj0DudnrT5A,5,33.2931893,-111.8249627
zyFN0KU7Y9MfTZIROrsKhA,MZRqxvBkJLjKcoOjNz7yLA,3,36.1163474,-115.1723373
pw1Ss8M2_uiFfH4xDyKjtA,LVKdUEcnFAPuLsfD_ahlRw,5,55.9539336,-3.2008129
2nE0zU6y_F7gkwHi3yL6cQ,DgZ-pZUo3drzpiCDlDr9IQ,4,33.4133505,-111.8759922
WFYg4CL8ZIeeQ-N9m31EOA,BxCzy1WOVxOrr_G7V4BIvg,4,43.6697687,-79.382838
QqlV0GQ4HYjj5Uw81nzBaQ,W4C1F5U42BjMeosDHnJ7Mw,3,43.6819674,-79.4237087
dLVbAwlJXh0KwAJ0hM3gww,5zDP3Y2hdh6GJL9DVbQ2KA,5,36.019811,-115.053357
4UQfst9jve4GCSfWpWn2uA,AE7q6_m187u6jhbfRipcJw,3,55.9506471,-3.2078899
jlu4CztcSxrKx56ba1a5AQ,sRdtwkUUfLqwmRGoMtguvQ,5,43.6525033558,-79.3834733963
ENiL4oCOhEN8BPoH_ABlLw,TZmMsbw5TbRqv8rmKj_aGg,5,35.2189418,-80.8117345
1TJNKEl2k3NuMLICvjJdUA,CxxAzUN3J38UTZB6MyGB3Q,4,40.5673828,-79.999307
Kgxvv4DFWimTD3DlBhjbmw,-AqHQuD1JQBz4lUp2JRhvg,5,41.5204092,-81.482474
B7MAJ5WzAlnrIJZTPqmVoA,N4BbeIbQNgtUEEMutu9U3w,4,36.194458,-115.2430691
4PFwh5zbgyPhTGRtxkSZZA,PZ3qgjUMg8akZaP0CssYNA,4,36.1564789,-115.202328
3XDGNCH155seEXyEQPMi_w,GnDBpY-eqo35HtbCXaObfA,4,55.9433194,-3.1913581
HBBv6M03xLEGmM-HYztQUg,LdIbT7-juPbdCXiCesV2gQ,2,43.6910625,-79.5781333
U5XTWZj3Pgf730kOmL6qyA,BqTx8ZI3TaRyw-xYCE--OQ,5,55.9494882,-3.1871031
i6nzTfZ8TRckJOGgZIpr5Q,qeJ8OUASkd0KQ1oEN3P--w,5,41.5081911492,-81.5807058048
0tvCcnfJnSs55iB6mqPk3w,hRN4otcEsRO7O-EfFe0FYQ,4,36.0166816711,-115.073638916
6rGVoAI0Bl8ZEbMNJWOK3w,FB_dGtCcs59OlD_ptpMIlg,4,33.5757,-111.859399
waN6iwcphiVEoCews4f4CA,DDgv4aKw2fo_BUumhNtRmQ,5,36.1100668,-115.172501
S84mUyQA14a4SLv6a8Lzaw,QJB0dqY_muOS8xCQd1SyvQ,5,45.4579715,-73.567435
u_wqt9RshdZsoj8ikLqoEQ,h-zsZBu2t3FfQaM9r-13kw,5,36.1072424525,-115.177566763
VydRAOyNlX2sm3v_s4oivg,DnJ5i7-SZRJ6X5ZGWCI36Q,5,45.5154735,-73.5639579
jY-M01vatSmfy-mK_g0h9A,B33pyRg6kVCQSE5m11R9gw,4,55.9460358,-3.2014766
VpqKcpEq2rgoS7Jlb_Aj1Q,2iTsRqUsPGRH1li1WVRvKQ,5,36.1678783157,-115.140640475
mE1s4m1_vaVPY-pMu7gHvw,AzYkEcENi7I1DsR2iushEg,5,33.4951704,-112.0340399
93sq_DjYULPMD1HyhM5klw,Yk-M1qkLN_QNHUhxBtO4bw,4,43.7751786,-79.4140328
dwFgmKO-PzJalyHDSGAT8A,ILpHHOfCvUa8MnaqELX-YA,4,43.650311,-79.384905
Ut6Dl8A5THMkiB-fyq74zA,QEJgZqn_jYMvmkHaY8NKVg,4,40.432559,-79.893698
KPY6FvT6h-r0W0HAC1Buag,BDu2NoWOtMaIMMU_VpjNIg,4,55.9373257,-3.2068966
HPJ0yhq0xnrUl5CauF9kzw,7uQgityqvjoJI-T5ZHSGag,5,48.7455,9.2116
5Dz7v94NbI3UfbVLukrtpQ,9uFvJtN68vVFRLF4eOB9xw,5,43.661044407,-79.4297084601
EgotOxec2MuH4xvIv_KRIA,8naMr4xOmJAkIrSGjy9IPg,3,43.6864242131,-79.3090950698
SygwXJI8crPvG7owdPSeDA,GXdnO7m8X4tjVl7MXHgN4g,2,36.168245,-115.13913
_ydMM3RQ9aC_u6Rnso4LmQ,h5a8aJ_Pd71JzUGFA-IaAg,4,36.1129254,-115.2243713
5iY-NZMtjkZcAZjh-2B3dA,WoLGuuAdU1W-0eMgKVm8Dw,5,43.6496945,-79.3917439
xDl9ZF3SckkZde_48W6WeA,Xr33-xmuzXS_YOojBwYZZg,5,35.0163863148,-80.8022057799
J_YUW5WkPmf8UCnQyoSjkA,Pw2gZg0DgqC-Te9JWKIAFw,2,33.5626243,-111.9255067
oc3u68ugJlAP__025Ji2fw,bHaeNpSaM4uJgJFMaCJ_wQ,5,33.499705,-111.927222
CbUaIQ30oeBIK4cXEhr6IA,GZ_8-gCKKx3n31WTMmQeXQ,5,36.1577074822,-115.290355157
Tsm8VraTp5OGyVALtUiCeQ,2Z59ijv2HXwcYfAQSbAvyQ,3,33.3091946,-111.8210866
2U5VJvQ17FtB0wAmpaMowA,DgZ-pZUo3drzpiCDlDr9IQ,4,33.4133505,-111.8759922
_-gnSzjvS0lAwuvpUdJoyA,AVF87C3Z2kkS-Ct7Mely9Q,3,35.08894,-80.860559
-tnodf38uCXjogMhZtcWxw,2iTsRqUsPGRH1li1WVRvKQ,4,36.1678783157,-115.140640475
SxMBY64n31UHPjxzIastUg,koWjyPEroRzW4QvlwsBgUw,5,43.667531,-79.38573
WlL5xRcG2paD6XGuACXmhA,a76SwwCXPZ7sIy3FkX-rxw,4,35.0710007,-80.8431397
YKx4wqrFxNS1TexLQ9HB7Q,1gZQHfQgePCuLiwBBJcwgw,5,33.6756783,-112.0274469
UvIb5v3biEgcxWKnxf0ocg,J6n-P8InsDe8dGf5TC1bXw,4,55.9326487,-3.2101603
KdUAqW58EwaA-gZ4Me1W9A,DiCMYxT69I22-1nfsvYAJQ,5,43.6646828,-79.3682793
hWDybu_KvYLSdEFzGrniTw,7xvbhxambsLPJ5ZqaSNxtw,4,35.210761,-80.823595
3o8c_R-Kv5UOoXXuMEOZAw,O3OH5IEFMPtz7mPKakPZ3Q,5,36.0552046,-115.2509345
6Ki3bAL0wx9ymbdJqbSWMA,e0blPZYr39r3ohUDFA-MnQ,3,40.4690638337,-79.9616695907
QJI9OSEn6ujRCtrX06vs1w,U8I4TXUly-Ti1j9sbTEMUg,3,33.4640804,-111.9231856
969cB0u7sZHkmpZtoecZPA,XJN3OhXLBDa8zAqdi21FFQ,4,33.2476989,-111.8654753
kjeX2RXvW7RhBbD2QLd5jA,uoZwJJaplLsktVrRw0JiQw,3,33.377582,-111.877018
m2vjSXdfs19kNnqUUpAmOQ,N9BN9ldVl1FNzcB9_eAstw,5,36.1590984,-115.3379148
veRNLv6_8QSJXFnKwQaexw,lXoJQpW0bfj15lWJG00Vwg,4,36.1594817,-115.2308817
6qFgbBGrcRlgZNb8jOd9LQ,Lzr34VkDJQ6l8oWq9MptAA,2,43.662462,-79.3837302
HEKy5l1atBu-pHfOqfJ-RQ,KAmYlUNaGwEpEOLa1KJ33Q,4,33.6390491811,-112.031112563
TBLdjYJMIDaM6dB23AenLw,3ym4vHN1aNqTY8XXZy5p2w,5,33.5847967,-111.9754013
25QzG8_MT4zr4JiglZI8dQ,YdxdvZwt1FddrGQ0Pu5CxQ,4,41.498909,-81.4938995
pwQ8E-hbDUJe3qtKt_IBBg,8R_oemw4rNjJL6sd40O_oQ,3,33.495514,-111.979848
XPG7ps_Q9iSlxc-fi8py9w,BaMQOhwTsid9_D3MOxYduQ,2,45.497444,-73.579924
wM7HTh-ixzNpZfTvFZmbuw,oEhPArlEV-nuQgtiUEj6yw,5,41.4850435,-81.8011413
ccqlLGfbdxGX6t6wE53R7A,nO0UrzXWSzWkghUGL7fxuw,3,41.397167158,-81.6506751484
EtFYEN0sbxkZOOt3DE7vWg,gChmBjLSe3qa8rzEngoDLQ,3,35.2225852263,-80.8410940692
SJHZlBsy0GF_HYRN7wG-6A,4LlSn5JnHiiBkQFRYMHqXA,5,55.9428819,-3.1845207
7V29xzsIxlHfdcHsnpHB3Q,QiJxOHqRzi9Ic1QQijApRQ,3,40.432298,-80.0030208
wk-QmrbyCtGD23oIhMP44w,MJ2Llajfj8DS3zyCJim1rw,5,55.935392,-3.19415
HXv7eS-jw4fTVC42HSl0Qw,3YjPlOX3VHzKguHetiR_3g,3,33.5794609,-111.9261458
WAbTQD5OE6Mf6nYU9qUwGg,63dCBZQILHR-QogyKXnvXw,3,33.4494293,-111.9260855
JiPMk9WmbJu-VfTRAKpZpw,hDD6-yk1yuuRIvfdtHsISg,2,40.4290289,-79.9822249
5xrHnV-8-TotHbT-dq21WA,1BrIPwRhJHOp6yBwjoRtgg,4,36.195612,-115.258259
-ePhZcmGLxY30M_BBMhzXQ,kY6BNX2Lx-dtvYmtBeZJyQ,4,45.5714446649,-73.7530650507
g4xr80W9n71ZrFV2JYzJ5g,0BJK4_RQnNiiXJcYPEgG3w,2,43.6659752,-79.4067809
f4mMAyIgK8LESUCCyFzHEw,HZi427Fb9-lpVdwZKTk7yA,5,33.5906694,-111.7068286
oNh7cbFbZ_sO1mz50miLIA,BC5MXeRMkw4jheSb-GVQBA,5,40.427738,-79.686658
7sNE58P4AvsX6QHE8ypCiA,cKgUCzMGuRgkbKXUsgeXUw,5,33.498914,-111.928574
1dWLN4Mr4hKhu8MQUCKqXQ,5MnLa1nE606cvNGlSFt01Q,4,36.128561,-115.1711298
qd16czwFUVHICKF7A4qWsQ,8yjGIa9pv2AWaWqxlt4DDA,3,36.0680069,-115.1763677
EYwvNonD5kUGGNRTGjAAHA,aD0EslPREWGDlSpD0RMlEg,5,36.1278838165,-115.224121095
N5URmpyygDBSC_8UShI_6Q,YavRvjbLsvh4DYDJPAfJIA,4,36.0253639,-115.1189835
JnPIjvC0cmooNDfsa9BmXg,Cy9LmQrY9rWwaNTSqxQn6A,4,43.6494979,-79.3916954
wk-QmrbyCtGD23oIhMP44w,Cg7X-a-b3boTQojQZznUxQ,3,55.962246,-3.2133753
VFxrLIlgApHIdOCrkAYIGA,Eepah0Ni9iRx-W10PvkbBA,5,40.4394531,-79.9490628
tX-DzjcF0qLDc99UF1fyrQ,kEC675O6YwRH30ImVxBCCA,2,36.0937736,-115.2940246
jhPrEZShHtyGjSGMNObVmw,GqAhzWm6XkUVdJ9pK1lTPw,4,55.9749369,-3.1721734
ehLO_Oyj_HU5DnZGR83bsA,-_5jDOVvqi73YO5qR5Y1cQ,4,36.0857708,-115.1025992
oLLYmkej2TMHaTbudug5eA,ZV_WwVWXjgXFI9Ug2HyOUw,5,43.6604976,-79.3860586
TwUqavuMpDWCw9iCva3KXA,RemaGokjnHrNVoOtW83oOA,4,36.1701490234,-115.139069669
DpcxYLMU6JaDiOtvcl6PBw,Pdnh437o_59l0QZsxvQqLQ,1,43.7105539,-79.3987739
7W6qj6dMdUBIK0J3aY3_oA,YMipxiRDk0_AgzagXMl6bA,5,55.9381888,-3.2314293
SJHZlBsy0GF_HYRN7wG-6A,wY75eFVppJy3Ux7NGEY2GA,5,55.9406111,-3.1807525
HFItzRohDHZvcKDrM6ABZg,PIwSbJQ6wdqkBmImj0zWuA,2,43.653226,-79.3831843
WYU7YDh9u7tr__XGRwj3ZQ,NfQTfc22vHKsq-UA05nAHg,4,45.4568604,-73.5674101
G5BqF32PyIQ5IvplDvpKnA,C5WKPU-802vzLuDmwforBA,3,43.072528,-89.451277
eteU71BreWIONFxtIsCP9Q,Kh8zX5xfnobNiRYcFJCi0w,4,36.2912318,-115.181823
2BhpwsmTRHySlDZC-gaj0A,88TyKo52CRajXHxWlS5eEQ,5,35.116789,-80.719317
agqWketq-FhYwVmRyli4jA,xtUTw9M21mIfmpIQfBGgjA,4,43.5993382743,-79.7132416073
q91tQNboB-0HWtM8cXRjdg,-rg5vXpJgqB23FOQJuqMeg,4,43.0970189,-89.3436886
8c53BdBWPcbioN3WZJWdCA,FM6hRJtjDwNeZWa64wpdRg,5,40.124499,-88.187988
UJJYM5ZFG0imgJU9wQUuEw,I4VC1sJRNzTgx4rObIZ7FQ,5,33.510394,-112.011028
oZ9wTJLI9GxQEtvp2OQoxg,Quh8Fjutyw15B6ZGZEf2gA,1,40.43978,-80.001441
o1hdVCYTWCTHEQZbmVT8Jw,q9SVBDGK8EZZ7ICUao1skA,5,33.5975834,-112.0110882
obxrjNKD6Y1ic7iyXQU7ug,UiRHhHhDaXzkkoJCf8LcTg,4,35.2277864,-80.8428303
qOdmye8UQdqloVNE059PkQ,R_9PIy-iFsZOU52S8TTK_g,4,43.6552598789,-79.4144846678
aKN3Fq2uaRJTwZRPlI5GcQ,iPAUK7hyTWYpRfY7SOwwrg,4,55.9448117,-3.1836648
4PFwh5zbgyPhTGRtxkSZZA,g8OnV26ywJlZpezdBnOWUQ,3,36.144667,-115.239955
bLbSNkLggFnqwNNzzq-Ijw,UvRW3JBsfu71LK3MA4xgkQ,3,36.1265987,-115.2029682
tQuEVOwokhp63Xl6wEvmqg,MJ2Llajfj8DS3zyCJim1rw,4,55.935392,-3.19415
ICw4trkmmulxI-SwmY0yiQ,DgZ-pZUo3drzpiCDlDr9IQ,3,33.4133505,-111.8759922
4dIxMP5--LX1X0i3s3PIAA,C9vu1zS0ZYOWlt6f8wkKnA,4,43.6448038,-79.4165714
Muuk7TjVG_-pek8VzJc0NA,s1b39BK1WFRY9200fwFCmg,2,33.3019210712,-111.897036061
Q9mA60HnY87C1TW5kjAZ6Q,XmgdFa3G_CZVfjtQEJMZfQ,4,43.6572066092,-79.4042482642
mY7AWgtA90KQXxKhFAhC5g,ELbG4q2AWfBAu2aHN2Vvww,1,55.9505165433,-3.2064076533
1TkFY3Z_g62uZ6xNhAhXoQ,jBKJMUcMuBmHqe5_U7GQ0Q,4,40.5207632,-80.0057933
Ed20T0T3jkAqVBBiyXju6A,ofXqwIbHprYF6TP47XudOw,3,35.1902414,-80.9220645
4Xwo12Uxb0EPmHMe5rgHMA,7E6wQmRnwrHo5UAE-M52yw,5,33.6566648777,-111.933372001
p1hBWew9iS4OYu_fzsK6MQ,4PWgVhWOsuSAoKV2KK-PMw,4,33.4631161,-112.0570655
-2OB54nQ6FsGLUM-R1KXnA,rOyJdbHFLn21KKRh7RlGRw,5,40.4390689,-79.7697689
xvgX6OAYrmBYV1_YC0C_ow,CD-N5vYkLkNE6b5YfhlR7Q,4,48.7774891,9.1786788
gImuoDkxLASV9tUBhPwWjQ,NgkIOCNwgEuF740lf5q71A,1,43.7648585,-79.4125445
V_d-f3wYgulAqNLVZijsLg,S3zhwWlM0xSYU8tJeYGNRg,5,33.3638756,-111.7879906
IOC3Iuu8t3hhtPMt9ibmpQ,2OJrznHaA4Gz_KYbQnAuzQ,4,36.1254066954,-115.195941391
psHTikQaM3rLRiMtq1gZeg,eRNDudpCqrDuRaz4-reNOQ,4,55.9364584,-3.2086242
YrlNGnrofZHseVYxrLrvJA,fAk9qyerNfr3y55CdZcjDA,5,40.472873,-79.95911
sLyFQX2Ipxj0xAdfQtff8w,2auigv5pF08RjJ8CL1dIVw,2,43.6464088498,-79.3899822895
UmXzwFM2OkZHWJ5cJZlqkg,VfaxW4igH57KHsIHR-W7Nw,3,33.4521542,-112.0686202
dvgzLpLii0MOlR-X59MlGg,OZC42gnhlJ_auXduDRfMoQ,4,33.459054,-112.068953
HV24bliLib6FuMW3bWBrpQ,MWde5YzXWcNbpQ0604yGKA,1,55.9294257,-3.2096007
3eUPfBdVr1BexmC0bGgCvQ,RBAcL6hg2yoaTRv0kKUjPA,4,36.1794890054,-115.159460865
aDYNz8cujkDdmbiOh95ANA,7yEHwJrpnED8TqaYaR1smg,3,35.063369,-80.7737745
u0JoB0Vm1ZhwF8nysxPnfg,UV0GO7_q-_uffNjY53sr3w,5,33.570282,-112.0735736
HLFRql-2xgMUhe7-0uRigA,Qpfn1a2lt-kS_GVIyWzLvQ,5,33.6924752,-111.9893343
Q6E66wyWs8OOC_KxDLT4MQ,S6HTXcS97j173_btjN8w7Q,4,33.633666,-112.235047
ISnQFvO_qKRoQTyj7DxdhQ,aIZQF2UCLv6ru-zsPK4H2Q,5,33.399961,-112.0294349
RrLRd9M2Q6iYCNnKMZsdtw,-Z7Oxv9nuPJI4ov4ufvvdA,3,43.652321,-79.37938
AKXqbuifvfvNEpr3Qs51hQ,7BIbvCkI7AXQMVC1-DHpCA,2,33.333854,-111.9123807
wzyGNvArcpUjZauRWFrKHA,ZARPISrzPW6PrMSwexHnxw,3,40.4459841,-80.0108794
A5XdqRuzz_Oe0gy1WJUgZg,LCvHBQBxcFm9dyW2uxTO9Q,2,33.5081911,-112.134648
o7NMUfN_8HrSC6waZkLpKA,bHaeNpSaM4uJgJFMaCJ_wQ,4,33.499705,-111.927222
N8Iriob3n95cfybxXF19DA,asCPMMAA1wW3GJvrPA4fTA,2,40.1105839,-88.2070866
M_UuEwc_HoqPhqgEzkjPrg,P3pgWKV7j_ea-UqIaOnvvg,5,43.0368977,-89.3882153
F-XkGoU9tZxZLdGI6JAtZw,2Q89PhkcyT9uZnQORmqMKg,3,43.6532248,-79.3972469
n86B7IkbU20AkxlFX_5aew,Mw1Q04VtMm3vG3pBByXRtQ,5,36.1445244,-115.1908324
rPRy7N3WCD3sVCrF60OOnA,pi1DHl64UzYXkVuSwvsUwg,3,36.1009153,-115.1027506
PGOHKWt3_oLuFLvx_0M70A,Q6lRyplXzkTQzmiC_hWPjQ,3,33.3481335,-111.9768001
oZyiiNdA-I5zk_EHUmGRMQ,I3lHQQ7CbN75JJCkkAqphQ,2,43.6659893,-79.3679801
KPY6FvT6h-r0W0HAC1Buag,hSNzpVnmPJLjCndBal4KFA,4,55.9359811,-3.2096663
L7xRncCG-irmaFlDNhMHiA,Zf79K5QvjpT26M9OMt55sw,1,36.2015702,-115.1951924
PliQ1Jc1inKkEVjI2Kv_yg,a7PQyftj6OURt0f5evJRUg,3,43.6653918,-79.4622766
mu6xEHThck91bAyD38XuZQ,1oVjBJh3fNfy6_MTdP9HXg,2,55.954,-3.18764
e0AUdCu-jeOkLImiEzlTDg,2bEq0X0ec-U_-qOE_I7fLg,4,43.548397401,-79.5891504435
wyRkuR7E6gyQ8F3qTnF0nw,FGaTBnekPrfY9bGHfmZZQw,1,33.5388208,-112.1683551
mZ9nZVLJBR1Q8vIi-gMIRQ,TrN8HBHBL4-Tu7cXMDoopQ,5,36.0856861,-115.1037793
tWBLn4k1M7PLBtAtwAg73g,10cjlsUzS8rAKMjdEWbxvA,3,43.649862,-79.4350898
KUwmXka6hNDZ7wNP-_rIRQ,NMO1hExBvamoZ9RKEVNcYg,5,35.2264373483,-80.844559595
-Aw9kRoXmFptUMN2XkJY9w,0Ovh4Vn9ntMt5Ara-ZP2sA,4,43.6401061,-79.4212152
KFpDLUoTZwkX0q0NASAjyQ,4IaR1Dhi0OXuSeqsELQ9mg,4,55.9534189,-3.2010141
Vwwp4QxVhmP7uNJz4pdkDA,RC0MyBO6xX9_xeN2a_fN2Q,5,33.3176482,-111.9811282
ME5a7UbS3PLTQiohCz3qww,2CNCcHA9txth664ALX1wvA,2,40.4602716,-79.9251042
lEw2VL9JCDFk3R5NzahqnA,-3SjhBm5C1ZYoG5hNUvHzQ,2,41.458478,-81.8586749
SxV1Jq7UANuSYpn42JXvOA,ENf5OroRNPXXL6_eLlobmQ,2,55.9445019517,-3.1839903133
mlXLPBayYqjbUMmtFrlw4g,ZvpG-rlHVli6hZPvchnaUA,5,36.2777917,-115.1163835
OzGlDEQ_vzH8QU9NBRs-pw,1q-0v6rg3X-K6qMj81wt-Q,3,43.6585319,-79.4427635
3q-Nc1wWrnyKB53I0ZiCwA,jwH2bAFYAEQw2TqACedRFQ,5,33.3661465,-111.7893974
0SZy4uieBzBzg54vRdAfgw,MoD5KEV8Vcq5W86CUVzO6A,3,43.7258222,-79.4555263
7HOTOydGS7wJYaJqNoDfeg,JfnV0ffC2LXy0xMLeYAePw,3,36.1176605,-115.1727876
WPNPOHwyyzDH2QBI9ketcg,NMO1hExBvamoZ9RKEVNcYg,2,35.2264373483,-80.844559595
HHrDK8PKL3div1uBYym6LQ,fCq3AVUzWDarScN020AcjQ,5,33.6399207,-111.9453756
WYAKvCoTfxmpwqgFbPAs4g,MtlMLIka8sk779RqVp6-Qg,4,43.6405496,-79.4467916
9Sr6NJcjjX2DLv8UwAqWYw,KXLjOJbl9VYXFxKT4YK99Q,2,33.4948735,-112.3390531
bcmcnSWyDY5FephDIdZa5w,14bbxz_tRpf6oI5fWiVh9w,5,33.6236678,-111.8969834
R6NNz2Zb2yqpRWJNKIWldg,SNkkuchbVtUzCwyENcai_g,3,43.6653001076,-79.3848989205
Sn6b4vSAEwvVEw2ZsJ-cCA,7YJrRufp-0tlNnihJy-Xeg,5,36.068406,-115.251131
0jLyXYnYYw11QYaz8nv_mQ,w7KLpuYL1yySgln6c6ZxNw,2,33.4133505,-111.8759922
xBZ1_3ylm3hf3VQHZ3ApFw,V_QmrlUCDeDtYrw73nUKwQ,4,55.9385675822,-3.2282702876
LiKlpv8oYE3aYstnau_nQA,2sslQMFDlzk2yMcRGwSjdg,5,43.7180887,-79.4622575
rCWrxuRC8_pfagpchtHp6A,HtmxkN4srLQu2zIa-4-7_w,5,40.3936665,-80.0202611
Mqg4L8flJmg8pqeR-uYyRg,Cg7X-a-b3boTQojQZznUxQ,4,55.962246,-3.2133753
rXKjMIo0jVFmUfaqCqDs0Q,WkqSnHw6Q_mHPzgDVXBzBg,4,45.5086699,-73.5539925
H5TEwR-OD0XxILGNaewohA,1WGiOXUqId8elr8u-b7J8g,4,55.9603479022,-3.2138442993
CxDOIDnH8gp9KXzpBHJYXw,ISzpUnmcKJdOH1q2jPmLYg,3,43.8764965,-79.4105872
RvXTDScB01DbDaV7XOuE-w,krvqEVmPnJJYA9ngZCHX2w,4,55.9414645,-3.1834427
dPPl-75Koa748WjmYzmPkA,dtjOkuk-UNjsRLDa1snxDw,3,35.2281957,-80.8391225
gwIqbXEXijQNgdESVc07hg,JqcKEsoIvJh-NTnp1pZSgA,3,45.4803166011,-73.5765673383
6X9PioodbNo5nnkZTFWhWQ,9G4CrXWWkpbUyptP8iochg,4,43.648373,-79.395686
UGlJYHK0I7TM6yLB3Rkp2w,OL0VHEoGXhjm6PzYMa2NsQ,2,41.3845158,-81.7407537
ZS_SiPpiLocKfYNjRZTeww,OIKp-6ObAd-yW-32U3c22Q,3,43.6652783,-79.4118934
IY8cvV2SQuhJjKhRW68tFw,vHEc17fY80jlW5pJtyPepA,3,55.9526313,-3.1912938
UrfdzamoBt0WW9Ifqy7RIw,crstB-H5rOfbXhV8pX0e6g,5,43.6564585,-79.4069812
ShC0d1mzKySVp228dF4ClQ,g8OnV26ywJlZpezdBnOWUQ,5,36.144667,-115.239955
5lO-cE6SJyfZczjJCXp7pQ,2Os3TUQq872wuNM07Rsmgw,2,43.7941901,-79.3544105
Bj_MarPEKBe2xN12YimekQ,A0X1baHPgw9IiBRivu0G9g,4,36.1575911274,-115.285657683
aD263WOD4RShoqgvVhcKqQ,VSjzy2RF0ojIVCSyEoTnXA,5,36.115231,-115.165553
lhWPrEBzorygXA4TpimQ3g,AAT50SSFgYWh4ntRAnxwuA,5,35.234098,-80.847333
NRGJ4IvauajqqCbhT640cw,Q9jBwye-g64eJ0acAjLwdw,1,36.0989096,-115.1896624
UvIb5v3biEgcxWKnxf0ocg,noNQ4jKRRAVPaRFnCgIg2Q,3,55.935958,-3.2091111
R-xGsTpwlwuOe_vAbg_aeA,r0qqCtctSUO7QvvSoRYqXg,2,43.638172,-79.692596
7lBIZHQfYNahg4tpDqEXtw,aom8XyA2yJeqDOJQPJCWIA,2,33.5989997,-111.9817025
txzOZrHK9EVY0kYjSuXkKg,TU2ZbpWu7sbZvNyCo6S9kw,4,55.9420519,-3.1789025
rl4hqDnywPJDCK4wfbXMzg,jvBtMCDY5sjYVaQF5--Q7g,4,55.929868359,-3.2092510901
IRZifXidb51Uh-tb17wegg,ZFqFV0tBR02cSxywyFDphQ,4,43.6005663,-79.5068818
sLyFQX2Ipxj0xAdfQtff8w,c6f8wBjPLDzyubEBqgcMnw,4,43.652445243,-79.3729323268
1g9_rAfoKieVn64my3Awbg,mhojF5wV2lDbTcgpnKNIFw,4,55.9491259,-3.1858216
raWHBzo-7sFowVvMd2OwOQ,grZEbAsZwWA3yJMwDRl0Nw,5,43.6558222,-79.3937269
T-1s6UHq-q-V8khoOmdS4w,02M8HgSalOA3EqZXUneBoA,5,48.77383,9.15267
qt1b6zXExL-uoJGRRouQYw,OLiq1Ud76KyaBry257YX3w,4,43.64974,-79.376181
GWdbWpy3u_ET1QVwgnK7pw,DbEszO3wk1xVmN3pCPob2g,4,36.159706,-115.245078
15NqzckPUZx6bYjLc27r2g,QiY_HMcR2fwp50roU2FIcQ,3,33.6397979274,-112.251751505
utRlrauZEOF_2kASsIoJ7A,y9OO_K_93YCI2p4QjrmX1Q,2,55.9800589,-3.1796685
wSAQBB_q0iz2Cq-YQHpi8A,4QvHTHxyAbFKG-H2T2S3eQ,4,33.3830888,-111.8026577
6lmpr-WllUmPk094mpvQ_w,ABtCLFoIEH26T2Ij-FQjag,2,36.1002484,-115.1395558
o0WGr8L3BWfH2Bslpnqw6g,ADkvznpeBJJCcJByoccg2Q,4,55.9435044151,-3.1918394566
c7KRpENpwni-RfjRNrYfRA,4K5NUsinIgtq-yuxdp2HdA,3,33.4259647,-111.9402513
VeYSD3Xgxd-R4yowet51tA,y5KAK-uNq1M-cOuqLq2t1g,3,36.0595960836,-115.04575196
HUN33bP2LofcZctrpOyKZQ,QaRXXPfmcLmrPmLB2DKO3A,1,33.4494738995,-112.074914798
xhVlmdU1sPVH6GBJw6AZtQ,4f1zK0LmCcpB-qad0KdlxQ,1,40.4283706,-79.975108
xm7K_VNtlWy5w5KZMov4dw,8IvQuR_f14MkiqLsir9DqA,5,33.583485,-111.908294
vFcW_gM7-NyBv3xUYACTAQ,TylutGFTBySdVLN1eKDD_g,2,41.499629,-81.700598
GIZXLWqutXUP2cDXvuSfUw,dpHM2isBgLbQLI_rCg5i9g,4,43.6586005,-79.4421299
RBZ_kMjowV0t6_nv2UKaDQ,ZINEfhpVrb0Uh6VbX9-sOQ,5,33.5096787781,-112.078719898
CqkdpG2tkCPQA69umlAHsA,MvwjxVPtKXP__ADkvlypuQ,4,55.954843,-3.188431
tFTU5yWOCQLqJMs2YhAaFQ,isP7L3QvK50n3FDlRKRtOQ,4,33.2845013,-111.7876878
jGPj8xX6-ZjLhegdBBhdQg,9njwmO6YzhaQB3-htNMFYQ,2,33.380424,-111.66622
bez3i2gcPjHwPkGblDa_DQ,NYf9TKBKPpa1wkA_uwIlfg,4,43.0832527245,-89.3643164635
JnPIjvC0cmooNDfsa9BmXg,WB3nXcDioVvGax2u5_jXhw,3,43.6475463,-79.4040008
YwaKGmRNnSa3R3N4Hf9jLw,f40hFx8nMhRAf4bSh6fXgg,5,36.0412191,-115.0331662
0ZpApT0cq3Kg0SIwSUKyNQ,GuSk6ON_K8A-nMNZ_zmknA,1,36.0442114,-115.0468786
jZ1ziwykb5EEla5y4D5Ozg,tXec672NHkM8PFZZAsEXAw,4,40.4525882,-79.9816821
Zi9IlM9rbeSjxAJX43MsXQ,7ZbjK_dmojrxoY-CBeHPeA,4,43.0573597,-89.3261551
hZfzVrhsCQ9JDAb2jYoJNQ,4eowvUTUgOs6X8wJeYsDmA,2,36.0215554,-115.1184382
VdAFcSPJgMvCAmp869X2gQ,Iexv0Un2MfGEjHk8ejL8Ww,4,55.9525715,-3.2001769
utRlrauZEOF_2kASsIoJ7A,MGLHctsHyRDWp6aVAsCw1A,4,55.940131,-3.181353
ZsjuEgOdvx9l5GKZdtwYIw,P7pxQFqr7yBKMMI2J51udw,4,36.1097544,-115.1738726
CA2Bnb04pIIE8tVveMDdfQ,9RsIfJvThEwSgCXdTOPieQ,3,55.9545211,-3.198144
Z0GA65zCMI4ska4iHRr8Bg,zb8kMYcte7WLcB-7CG3vNg,5,36.2369865,-115.0479396
2m2MNnlOdofofmUs-hYTJQ,Yc5_nA9NqqxOp8WCugF-Ng,3,35.1533683,-80.8752317
Yg08tRMxm0eaL-rXyNIAHw,4ZwkfK-8Au18_taabb38KA,4,36.0594728619,-115.454807281
tXqVduTJHLbrrwVEO8JX6w,g8OnV26ywJlZpezdBnOWUQ,4,36.144667,-115.239955
eAJ3Ip0vh-zuk_BmcmchYA,jaI2y3WsNXysaf43KnJJJQ,5,33.6864762,-111.924068
wurfvHZF2B1jzWj9QRRnGQ,hrhtWc8UcoZqYr2d7YPgEA,3,36.0993783,-115.1710285
CxDOIDnH8gp9KXzpBHJYXw,DSh8E3ET1K5kB-uM3N9nhg,2,43.7697939,-79.3864831
DeXKbQYNx52OlOizobOLJw,j-5O-Ehd2eaCHYgmTSfoRw,5,40.4405558779,-80.0019637537
lOZKlSyQa-jSv4HZ66okGg,VS6hYqFnqhrtQEcJ96sbMw,3,55.9519615,-3.189944
MiALWsQL88BzrACF8v10_A,Au42SOOswePU8ZsIFfrhhQ,5,33.6756042,-111.9664335
SDAjElWg3R5x8AGo5guKRA,Pi2laGNPpaEp-h9kcWnVlg,5,43.5881435,-79.6079407
46eVHhwdxITY4W2_jsguMQ,9bheuwB1IEEbjPyMiK6mZw,5,41.3175549,-81.3453858
jWb6ypg8lHH3cK_lSWE2ZQ,abOlYWSnocmnFyjZpJhj5A,5,43.7073435,-79.3971297
yfXqZkU5iXE07GSHzdsQBA,8HBRdEnm99TUqwbuB7E6FA,4,55.961053,-3.180653
dAB-v4B-5_8QgTcoVSnZOw,ERjDXFk2J7RprGrOEDR0LQ,4,43.8511115,-79.3518307
03p8zXkWRammSu76kGzb6g,5Iin0tl6QJT_TyL1BldtyA,3,55.9534118,-3.2002669
XMy-OTpVY8O1L-8w1zOKcw,60cxYPUU0WQrxDMroJhMjg,5,33.334036,-111.962522
6Ki3bAL0wx9ymbdJqbSWMA,B7b0lgA_TW7Y5d5GdDYbHA,4,40.4273472,-79.9668098
fiGqQ7pIGKyZ9G0RqWLMpg,YJK7J9I7_BNzCV8XO1VS_Q,4,36.0210242,-115.0879758
l7sZTLRUBK0k3xjRTj1CSA,KYmWLtWOmPe7yW_QzrYbjA,1,44.0092598269,-79.4715474995
1ghFOCMBpo2bGaWu_c1tcg,Be8nEZH7rDqnWcM-dirsNA,3,33.462634,-112.3905703
dLOfp-2TAGAb78jGZPvMoA,-6hVnjeCvU_ImnQEJyrGrw,4,55.9351546,-3.4672748
jnB_saJqNfOmVoCWquhAzg,EPC6hf0LI9CqUOSGxMxHow,5,43.7117288,-79.5352886
VnlUnPrfae-fbqDoXuvDbw,izCeT3RLeARwP-VJaOmIKg,4,41.5006247,-81.6990953
UYcmGbelzRa0Q6JqzLoguw,A0X1baHPgw9IiBRivu0G9g,5,36.1575911274,-115.285657683
o-t-i7nbT5N_cmkCXs5oDQ,QD61fmXTp476qfS0dpt2Lw,4,40.1125585,-88.2114234
HSkGdE27HF5qI1qWfES1Xg,5YFoTReuv30skVEemqZ-sQ,4,55.9426482,-3.291201
XrSVdoufjkqzRNJg1tcBxA,sgmQki4RpkR9qJUOPaph3A,5,33.622595,-111.874035
bJTKxBIvb_AR8d4SuLPV8g,Mp0jeFRzl2HXbPPBYbL9iA,3,43.7758029447,-79.3465434783
6FWgDfALCn6IB8AUxJM9GQ,ttKbmaIhQREGeT2esJnIMQ,4,40.4269795,-79.7871521
uTRWF_Hd-Sbc164ixIP8ng,Iexv0Un2MfGEjHk8ejL8Ww,4,55.9525715,-3.2001769
OMjqheLCafymV1f19n427g,Yk2joR70TwHAdI0FnukFog,2,48.7800001,9.1773935
PKEzKWv_FktMm2mGPjwd0Q,4ZwkfK-8Au18_taabb38KA,4,36.0594728619,-115.454807281
i6nzTfZ8TRckJOGgZIpr5Q,4Cy_M5b7-pkimLebxWUSyw,5,41.4901219,-81.9360216
YRcaNlwQ6XXPFDXWtuMGdA,H7rpWv02D6WTu6IpNNDkWw,4,43.6594335903,-79.3825173582
LNPyE5X1K5B_flcTCH9StQ,HD4JDFoc_htq5VYESJT8gw,1,36.1253148,-115.2463595
lCmvpQfFpdxhbWVM59eUCg,OpqPJUGAuTQa17pfhLJfIw,3,43.6487518,-79.3770532
CSA-YFyZWlxPTeAZRJqMWA,1bkp1NeTw5yg3hTsldkoPA,3,43.7793621,-79.417417
nnfbZsY3Z_wTGg3ZC94E_A,GTwQgfi8DN23D9fMURYUdw,4,43.763983,-79.41138
pA0Ke_97Qn8ROyZbEMtVWg,P7pxQFqr7yBKMMI2J51udw,2,36.1097544,-115.1738726
x7zoxuIXfaPNDl_CJOBlpA,-9S_n0bktrfv3h3YIOPVfQ,1,41.5191313,-81.5496752
XEGGwbBHYkrnls3nRPn2IQ,WytXFkpI7Gu60shdLwec0g,2,48.7790753844,9.1781030008
EtBYV4tWrKH6jR0RCwV_JA,fJen2otermRClH3rWuC8sQ,4,35.4456557,-80.8790683
6lmpr-WllUmPk094mpvQ_w,ArzvTos0EuwOrrtEILUDcQ,5,36.1266122,-115.1927162
Ry1O_KXZHGRI8g5zBR3IcQ,G_JJzggeit0hNqEgvmKRzQ,3,35.153295,-80.833934
Z_xbO-Iaxbx-ZRPhLJK-Ew,RF2BJI7MyKC-p5a2a1OEaQ,3,55.9585399,-3.2049658
ZsjuEgOdvx9l5GKZdtwYIw,InfzHR1oZYwn1qell8_4CQ,3,36.1121084,-115.2793898
N3J-41OHb87d-d395bMDmQ,lwZdxtiTX2DsWXrkJHi-9Q,3,55.9382133,-3.1984998
x7zoxuIXfaPNDl_CJOBlpA,Uzkiz-IKgLZXdhHucfYZww,3,41.5163216,-81.5688418
14LJRp9bgwbsmlyEq-3JxA,P7pxQFqr7yBKMMI2J51udw,3,36.1097544,-115.1738726
MWpLsv5mSSHhoX3T-QSMXw,dHVeXpn7WfEd6WW5TSK9EQ,1,36.188184,-115.2606669
XqZrVXbkRhaqNMsid7pOkQ,Yk2joR70TwHAdI0FnukFog,3,48.7800001,9.1773935
3Vd_ATdvvuVVgn_YCpz8fw,kEC675O6YwRH30ImVxBCCA,4,36.0937736,-115.2940246
FREeRQtjdJU83AFtdETBBw,GtSIihHmey3GLUD3-Hk4yw,5,43.6521914,-79.4720901
ulLNJBYJz_2Pu4uG_BeqoQ,RU4-CoRiOE4sD99G1w1_Ug,3,35.1760893,-80.6537344
uNxXIIFzjHm5r62UTyVjrQ,_JbuDLG7SFEtiCVDT1M0CQ,5,36.1609889,-115.3335538
XgmEAWKBxlQ3vetV5ZXeow,zFl1EKiFA2TcW8q9Uvt8DA,3,41.406068,-81.710836
veqfgg2AkKs_L70fx1Quag,TERNBX3fY1-oWsNfjjawsw,2,43.8263314,-79.3051004
TaJ3hRYUW9Z82HF0qc4hFQ,pFCU_1SI56bB3sOLEPNf_A,3,43.6803824,-79.287355
uZ4z-4ftg7LbGR_blmZTow,Forh8ReS4pbs9PAIzcRpLA,4,36.2003921,-115.2819509
HP8HNY4s_sLUcJEJcmzqxQ,I-WaaqvofK2YSS4agaPKjQ,5,33.379567,-111.893419
HJj82f-csBI7jjgenwqhvw,Yp1swb-8pO8i-6-jaK2tsA,3,36.0624835344,-115.04578047
yZS81ytT4TnAzaQ9Qs73oA,sNmnwKtC4su9-uA03ZSG7w,5,33.4948744,-112.1282186
O4GWB7-Vya0rGMZwASzncg,dh9tT-o7KliyiQKwQ_G2qg,3,43.056329,-89.326148
2-XLTj0Cfd81_XlmHo02Aw,8R_oemw4rNjJL6sd40O_oQ,4,33.495514,-111.979848
Qx8WMsFNHBfx6rIH_G0nBw,clyic-I4VvOkJszq78KJrQ,3,43.6701687485,-79.3882369995
W2A4vfTSYCgM8tLOq8PWGg,zBDqbejZ-2lAkQCztjnx4Q,5,48.7853,9.17957
p7HMe4REUwSHn9in8mUQMQ,hrGcHSiwMUjyotaJcQ7f0g,2,33.510015,-112.114547
Tjuwm4XdQjlmGdKVgEHx-A,P7pxQFqr7yBKMMI2J51udw,3,36.1097544,-115.1738726
yfXqZkU5iXE07GSHzdsQBA,SD3ZyFR5ZjFneWpYhT6tLg,4,55.9584260487,-3.1880950928
Uea_V6r3pzynOXm_NoNBBw,ICUCAzUZFiWkYs7iCtNCQg,4,35.210756,-80.855838
IY8cvV2SQuhJjKhRW68tFw,NKPs-TiY0dmN-aY68t-R4A,3,55.9453233,-3.1841849
FMXBbottjIZ5_b783zX1Jg,svgSgTCLdptW4WjS0xTgmg,5,43.073745,-89.39858
5Mujjzv-ZH6HhxT-hWCpVg,7wYDK-BK97Yt8z7eDlBKDw,3,55.9568832588,-3.1875339535
I9CD0hf9tnBbuhKOchJp1g,DjNdyATYYyHexZuUy54g2A,1,35.0263876,-80.8388286
rgPpseopRnL7OemuToyVDQ,shLhh3VtQGX9XkenWwPJUQ,1,36.0583952,-115.0482559
7cgp0EXG11v-y4F6sDU1hg,O3OH5IEFMPtz7mPKakPZ3Q,5,36.0552046,-115.2509345
8D8mjeNaJ3DGhl0WX8copA,92JuUiprX3bYHa_3bIAOsg,5,43.6722882851,-79.4710585847
RrLRd9M2Q6iYCNnKMZsdtw,XSHCjAtSUuN8IhTichIqkQ,2,43.665404,-79.467835
UJdV27tvroF63sIKvaKmTQ,01fuY2NNscttoTxOYbuZXw,4,35.229054,-80.8673698
SfY0jEFqBkrqq9bVi6P31Q,P7pxQFqr7yBKMMI2J51udw,3,36.1097544,-115.1738726
a48HhwcmjFLApZhiax41IA,L0LNTAw2QqbPTZNPO49xMA,5,36.1988542,-115.2659777
1sGYXSkJHPhJ6wQtc-RbZw,LcUGX1CKxf8-2CAHh3M1vQ,5,33.4670338,-111.9878016
tH0uKD-vNwMoEc3Xk3Cbdg,A0X1baHPgw9IiBRivu0G9g,4,36.1575911274,-115.285657683
9w4vI3LRTA4JdJyzOxeEMw,dUffgo9Lh_Vk9TLuFR5ywg,2,33.5094801,-112.0601964
Uwu72w77MPox942_GnCS7g,cJkKGQ-QYcFicvLHfe5q3w,3,43.6301738,-79.5491518
Ga9DnmdmhE0Zzs_jRtmrfA,W9UwtpOVdAgk5NKhMd_tcA,4,55.938032,-3.192949
qCzx039NVrJkWnZEqQ1JKA,0IPTFesIRB3VQs3cRz_SnA,5,33.61298985,-111.976377276
Hl86tv4xZmjCUOlRwyg0Ag,TW8Go1lkRIG2cHC6Z69UWw,3,55.9276348,-3.2476646
_hSFyAV5QD0wrJAMb9QMJA,GVWo4NbfMjams2VzUfQTkQ,5,48.7871100903,9.1759443283
3dbkO9K5vcvJXuKrVu4BMA,A0X1baHPgw9IiBRivu0G9g,4,36.1575911274,-115.285657683
zBi_JWB5uUdVuz3JLoAxGQ,6e3GGt32bGFFoWkJ7KJc_g,5,36.144369,-115.198066
epkRB3J_oBEiyiwahvdmGg,b1WGIdd_oSwGYZtC769Shw,4,36.2884223309,-115.286549547
g6ZIckP0jzSWfD-a2AnhuA,2pAaYEpVsAy3XNLpmPxCoA,3,43.6621626,-79.3347124
JV4mCFFKgf_AurjiAXqq7w,67vPuUwGHk4WGg1onTtOew,5,33.4216104,-111.9496174
Ieg1z6bc94U_RfS-OGxQ_A,-tseTthXWYoMjbqRpTZ45w,5,55.9592034,-3.1912849
cafRiSVWRXlxDEK2YNrJ6g,N4BbeIbQNgtUEEMutu9U3w,3,36.194458,-115.2430691
xRpAEg0M0azAPuKVg7WtgA,Zf79K5QvjpT26M9OMt55sw,2,36.2015702,-115.1951924
C2y-B8H-JkIfhqX70ry5VA,uGhoWn2z_07FMCrPC8aFDg,5,43.0744563,-89.3901274
rl4hqDnywPJDCK4wfbXMzg,I1j1kEbQ5BliKsjzl5etVA,4,55.9761758442,-3.169580553
hGJhZ6Z-sG5ux9yzZc406g,Ty97c-UiKW6YC_GZP8EYCw,5,45.5027828,-73.5723758
ROsAs833CTExJfWotUyY9Q,zQPnto54-IgCovKmAjH1jg,5,36.0651817322,-115.039306641
Zof5LevynuBuY00HNbbhlA,NvWjSruIUunXMI1EsUWo1Q,3,43.6679029,-79.385648
VeYSD3Xgxd-R4yowet51tA,EH6syFxDg7SXPrsqyg-DGw,3,36.1252544,-115.2076469
5z587IBRnjCbo51IaHNPzQ,G9UlT-mBMdUwoUGCW405ow,3,41.481905,-81.686666
anTmWtK-REFMAaLPzD5-ng,KeS8tUgcRqmGJ7dAvbL-2Q,4,41.5389554,-81.4588103
FMXBbottjIZ5_b783zX1Jg,1QOkUiAiucxr3ckLLK9BjA,4,43.0744326,-89.3865972
rl4hqDnywPJDCK4wfbXMzg,hK7JWGWf7p800LtJnZMt1A,5,55.9405903011,-3.2180285454
sfd4dBlBZub_h8zLKcObfQ,hVzRXGGhRJfTXIasO3bq1w,3,43.074593,-89.394235
UhlXS6NdA5k4SRunpcKHJw,DprO2_-TACRiPiimbtXvVA,5,43.634149,-79.623802
oEshN5oq98_g23MvEnRc5A,0tfWZoTU2z3NFoyKzco7yg,4,55.9438887,-3.1840639
HWLr60IBXAy9HD23W3Xmfg,hTvPGE7rIJIkMcuRfe0eOw,4,45.562911,-73.656575
G5hDXvDMNuQ3JQnGCKqsKA,fkvctSjQoiHnQIkVDreamQ,3,43.8059059,-79.2878933
FCzzkuhMrQ-pWYDA_fPmkg,rPfjmOrUXeSHD2wpukgbwg,1,48.798505,9.210921
94HchNwPr69BdrF0On9uKQ,SbbxTzYuMdW4dGgXBnT40Q,3,33.45,-112.08
IxJahxdx5wYpkQrTjc8dLQ,InpTA6-ErH8JVwTKsbWNZA,1,36.1174731237,-115.089697105
9W73B44Iw8WslrTNB2CdCg,2auigv5pF08RjJ8CL1dIVw,3,43.6464088498,-79.3899822895
sADnfWdDNhHnrox8vc4Kkg,W-0kYnhvU1rC1ip4ErgLUQ,3,36.101370893,-115.202191472
ZngF2uBYrqyFjXd6LvuluQ,_bGZIJ0Z4bhxgfjlUDzZfA,5,36.167937,-115.140467
DojaJuL75eaSataTeCgfmQ,knJh7agyWMdPyndI9dURjw,4,41.4987176,-81.6899059
L0LokwGK2UzqLm8vys6Vhg,1sN8BsubZbBUI2nS_3LaSg,5,55.9540946,-3.200692
Vc0SrTF60u0uAI1OgGSPsw,4Ob6Ar4SpUzcPjU9IFpC2Q,3,43.6474644,-79.4021342
hXen3vOQ6iSTKp5sSX9R_w,dSEcQPPUlATxZf5pvN_t5Q,3,33.393559,-111.942318
wwPSdOrW0jVNgzr8whD0Jw,5GhwdPodZMhVoW4fBVv8OQ,3,45.463423,-73.5880207
4Bn-2V-Mp3I3nLGkdI3J-Q,nzAy8A_Kj7K6B4OyZzNsnQ,2,33.4943174,-112.0457647
OcHE6d04oznL9psu73wkXA,vOyZkFAknjVg-Fwye3TKaQ,3,33.639825,-112.2208707
Ti5Bpj0eRmRYTBnep63S1Q,ahbDELrW7CqFbOVePbF5-Q,5,36.0993008,-115.1179154
CaaGjAM1yL_t4yhNLD3f_g,Jwbt-m75VXM_pZMpVJRMmA,3,43.7714458,-79.6582153
TDASnrM4Siq3JIhGiG2Nbw,QNcmzMJO3JsQzQZPSDSjYg,4,35.4614226,-80.8536619
GWkFoDUEz58PPrtIqeFiqQ,Sc08tWE2M0HktBuUC_Ve0A,1,43.6713114,-79.5962589
py5NxUH16FJuxLeuNrWI2A,WMCUbJQLQpnjQyA4Qai_2w,5,48.7746,9.17294
N3aGApmPJ5xma0xx20FeTA,R6sTe_wKyeWgATsCwFmjuw,5,33.3260297,-111.8747445
z3WHx5PVY6BglO4d6Uo9Ww,NYf9TKBKPpa1wkA_uwIlfg,4,43.0832527245,-89.3643164635
wo632pzj23-Di2RakSugjQ,XIg92ukZJn_1aiNx0OmusQ,4,45.480889,-73.5787889
8teQ4Zc9jpl_ffaPJUn6Ew,cTPdZ9Va0HCLESf5gNnXwA,4,43.0745234172,-89.3815466467
7-WeMrvOxCH3oJfEWkC5rw,bRcEcYr27qNLQwicz8xHug,3,43.7072648,-79.3897075
oKdygoDX5CfDJeXzv_EVaw,sGvZEOzRNkLl_CYUppA-JA,3,55.9508002,-3.1873781
zsZBYWYEmLLs81_f-HHM8w,pSngeMoYShqw5icznsUyRg,5,35.061108,-80.817189
iQtw19gqUjDMynCqgvHPvQ,MFcIbLWNblqwtOt5kVGHTQ,4,33.2175765,-111.8263771
HK-TlD0yVA_tpTXZxfzu2w,JO8fpEpWlqFmjAwWZW5Gvw,1,36.1272492461,-115.172281713
Q8CLfv38ArMpPvv-8Wi-gQ,eqg6UyuVLwzAplUvN9UkSw,3,43.6469223,-79.4060226
PGeiszoVusiv0wTHVdWklA,IxharcjDwjQ72nX7GuHVuQ,3,43.5647878954,-79.7008565068
BGzavA_ddMr-jGmhArv7fg,EBI3tqp2NTD6czDmQJObZQ,3,43.6444128,-79.3995846
OMjqheLCafymV1f19n427g,B4lddaSeuvEGl0Vmc_8Imw,4,48.7736,9.17547
GRsPBPJ4Ckx4mpm2UbzWsg,J-cXUti5UGgZiCAaYmzeog,3,48.7769,9.1747
OrgOAMFl3VoX3G_jl2Flyw,d_NwSdTDoJOyxD9Su0FcYg,5,33.34517,-111.862212
kaJCbdYCy657hmpY6Eb82w,w2g2f6D8dgsuTMFw8M_SsA,4,36.0645277,-115.2415133
4hetE9pQKPXesVF4KB2c8A,tOsvHZpxmyIK4Ngk8FaLJg,3,43.826276,-79.3064412
qIossUhtsJ55_ciRTEqiPQ,-3rvpkYkYD_N1IP4hSvD0A,2,40.3885913,-80.0493988
nghz78aPzKPsD6MVFnBqRw,LRW8bLpQ7N5vjJPKNl85lg,4,45.482489,-73.5627345
68HjN_1C3Us_smf78s1eTg,WLCdg4ib7-_7b8epoXRjAw,4,35.2123711,-80.8171636
sLquWhSFdoqdpJvDn7tqaw,zi6cB_bkswWPLD2k3IVtyg,5,40.441876,-79.957109
8oml7qh4oTsted_TNMzH6A,QBIfqIgZLZsq0wIDO27FOQ,5,33.4087113424,-111.872571968
GKNC5QJTb9_FTC3z3aAdRw,qgEKyJfuL5LBA6D3V9nR9g,5,43.7965809379,-79.2699234188
gVUccH2WcZ5bT9CJuX42lg,pLP4zc_eImuD5-AMtZAYHg,1,43.7069571,-79.3756457
zAzCOnCSS1DiceIWXKQQWw,bxut9wt40ikh63hCgenkLQ,5,40.4457782424,-79.9963158434
LMhTti4tnUvPwON8yREDcg,LGiM7r-E0bYvZUpniGPkSw,5,48.801948,9.2166012
CqAFnIa7AKD-ey-aCsIN4Q,3NZNP3kzPFf7RHeiEy7H3A,4,48.7402311,9.2996052
yG-7jMmGOfL5i3AXCkue2A,FCWrI6E4kQpU_CwWGc-Vng,5,48.7177,9.14311
rBVubLc9uLDZLrIhd7OiQg,WZhI-q8IyV7ec_4kWzrSmQ,5,41.4589103,-81.7770917
eSqMc6Nh8pQSQtI1OT_mBQ,ZkGHqd_f6hxNb5TN6Knu-g,4,33.639638,-112.220869
c_vwdEGXm57ASJvMK4ob4w,TZmMsbw5TbRqv8rmKj_aGg,4,35.2189418,-80.8117345
5xrHnV-8-TotHbT-dq21WA,2iTsRqUsPGRH1li1WVRvKQ,5,36.1678783157,-115.140640475
xJafm7vGSkUI5ocgYkCWkA,BEpUZHL0FdBWa4egx1r2LQ,5,35.1459154447,-80.8256435394
MEBWqqaUOnxVLjvEcNZJWA,M27gWyT2EpCCj-dSnXDJwA,4,36.2405868,-115.116459
EC5TGpxONfz4IZIjML0DpQ,GZdfqTwCo_VsBYZa4tvE7w,3,43.6588977,-79.4427707
bvYnuDyb0mfD-oQxB_Wwtg,Rv1IiQaIIDunqzS8dSvHCw,5,36.2192233223,-115.242703788
JmMXYQJio5eXgOvVZl_xGw,SCSDDqlCT5Lfzs1T1OH9gA,3,43.8264944,-79.3516755
1dWLN4Mr4hKhu8MQUCKqXQ,iBlQvqiy5Rg2h-y9TS1yOA,5,36.1486886,-115.3334382
DOZtiJTh6ZYsZJcXgPrdBg,2W-ieV0yKWD4Iw1T6BPJxw,4,43.6485387,-79.4025867
dLOfp-2TAGAb78jGZPvMoA,y-l_UNoWsDqMjvkpM180CA,5,55.9362623,-3.2089555
6MM9Yqn7UBM8tmpSHQHAAg,K28NUDrV8GbR_mn2WDLoLQ,4,45.5222283,-73.5844913
tQHPuMvQDT29bZyci2q2Pw,C9vu1zS0ZYOWlt6f8wkKnA,5,43.6448038,-79.4165714
owbC7FP8SNAlwv6f9S5Stw,f4kNNLU_0q_2J711jCN7dA,5,36.1136516,-115.1383819
UGlJYHK0I7TM6yLB3Rkp2w,aylmrtz1AaFQTeM62cul0Q,2,41.3445591,-81.7365022
Ytjon2aVUm09CMdfGJxZYg,XUFLk5rNPuxXHUdJWXCF3w,3,41.4599811,-81.6906876
MeD3eX4oHmGS77MlF7hYZg,J0ET9_Zvh10E02BrEN74iw,4,43.671077,-79.3879681
caeBwAutRRMSVA2aHPQ4Eg,DbEszO3wk1xVmN3pCPob2g,2,36.159706,-115.245078
Q8CLfv38ArMpPvv-8Wi-gQ,WnUttoJffplgWaQGR2J2Xw,4,43.6490619,-79.4204784
BIJ19JsE1QulXWLv2v2C_g,CVS4vhkO9oUH0oQ6iJucaw,5,48.8137492,9.1144306
bLbSNkLggFnqwNNzzq-Ijw,aIZQF2UCLv6ru-zsPK4H2Q,4,33.399961,-112.0294349
yocUoAflwaRsnyUf6ceQwA,JO8OXx02RXoj8Kio7EwaYg,4,48.7701895831,9.1493946514
fnaTT62QH1PeDnnOLdODgw,_phIG3MIZs23EKrigUp7og,5,33.6073505,-112.0364248
ZQsculZs_WMVFnBGQee1EQ,33EuQjAGkymwow4I-VKUVw,3,33.667497,-112.123402
d_hn1iMN2b2QhRkTTWRfpQ,QZ4GFIArBMGolsVi0XHgcA,5,43.8611126,-79.394803
oKdygoDX5CfDJeXzv_EVaw,-PLQIgIXOwtZHwSSae19Aw,4,55.9346793,-3.2099048
CSA-YFyZWlxPTeAZRJqMWA,M0CBCEY1UFX0JCRzKZ9ujw,3,43.7240145,-79.2860678
0BBUmH7Krcax1RZgbH4fSA,1MQ-rCO-U4swt-A7oPwg3w,1,43.6564373,-79.4071046
CqkdpG2tkCPQA69umlAHsA,dbqS4GGy62ibb3ntkDmdRA,4,55.9446822,-3.185352
cAY_gYiIq68RkWhLennaKw,Pe6MFhOa69NZIKHHjlQiNw,4,36.115311,-115.280714
8P2LkzPGV4ID_fE7gJGKGg,htbLxEfvaBpVuIqEYRFw5g,3,43.7810127,-79.4107067
RlpkcJqctkKXl-LO1IAtig,X8GtmtMqkyOxXsF4Uj2Sgw,4,41.5005454,-81.7059194
Y0-lLNc2Y7gUGXPzSsMueQ,QsTaa5bSKhyTKn3yDaObTw,4,43.8435267592,-79.4078171253
jKx0XOTrnT6gHiiRZ-UVKg,6LHfiEI47tSTlGEzDaX7pQ,3,35.1071743,-80.8826429
alUuOskFSl1bODjnce2PpQ,2LwD2kptBJxGrIO7zm9EMQ,4,43.6489567,-79.3947781
0-wo7wKN_Rp0Xs6cBMEDJQ,aIROM-CabWZlXP3yBZsgrA,3,55.9616205,-3.1652117
iTxPwAK3uqAIg1YtB2nFKw,XJN3OhXLBDa8zAqdi21FFQ,4,33.2476989,-111.8654753
0-zHvlwR7ZmVeasLRGwpag,CD_ExwWCwGjxWYagfDBnbw,5,40.4515676,-79.9826937
LltbT_fUMqZ-ZJP-vJ84IQ,pmoIMK8zGWvKsVOPDBYfzg,5,36.1046128973,-115.174527168
BdORxIHCQ9TlGC49phb_XA,oi3FWENKZ5y_bDCpEb8yOw,5,36.1265763848,-115.166935203
51UaY_JKrEOzA1CeEbuDNg,H8p7tEvUmJ2sTxxdmxnrMg,3,36.1444404,-115.1743953
OExkeJeuAnjUdkjJvcrnnA,9c9CeJF2yatQWslMd5_Xmw,5,33.5650367737,-111.915283203
BInADFegedOHAxKO1jQ23A,NT-AQQcfp7TZnjFMwukKxQ,4,43.7573743,-79.231263
OXSJCjKtvZPf-YPDCXcWZg,hJkGfdNlHTfqFTeZ1xkjrw,5,36.05658,-115.278506
_VTEyUzzH92X3w-IpGaXVA,mPWRxHEYOa5crj5E1tyL0g,5,40.4430419,-79.9986943
D2ljL5ejuqpa4f8fnZ1qjw,BaVtTt9pBoI8rrN35tsj_g,5,33.580273,-112.118875
AEsYvOCOJhnwp2u78fQpfg,GaUf2viNL6okuMowftQ5gA,3,57.4834632007,-4.1760944103
FSr1CdDnHilQ2forw4buLw,TEdtu4fe7yZ5biKsYpURBw,4,35.207751,-80.859744
xXQTdJXPGOP-NUYctcQw8g,I-wr2dlV1nPaEyOdLflUww,5,55.9399103,-3.1918383
Bp6bMTGC8qUxT2A8DC37Cg,mSSH1BFPQJ41gmPiN9_jwg,5,55.9426804,-3.1795724
Aqlu39fYy9g9TzDQHKk6Gg,L3GSBM-3cUGiEWqcnNF9lA,4,55.94608619,-3.2053462827
XrRLaAeV20MRwdSIGjj2SQ,M51gw2cz_vXarNBLbKkOxQ,4,36.0720455659,-115.243501424
7V29xzsIxlHfdcHsnpHB3Q,0cjjoeuuWcgrFFe0qd-eOw,5,40.4305353928,-79.8112024956
duku8ZJEzJC3_E8602coqg,7ZbjK_dmojrxoY-CBeHPeA,2,43.0573597,-89.3261551
8hMl3otCQKe8n7d7VmVwNg,He-G7vWjzVUysIKrfNbPUQ,5,40.2916853,-80.1048999
ySKAnvEAVySrxYz0rqjMgw,p6Rf2hsyF1eYVJk9ag3W2A,5,41.4804680356,-81.7166946923
0femxedHmBjoB0Tfli6cFQ,ZYof0WYlilJ3pgWNSgmYKQ,2,40.438453,-79.987978
N3oNEwh0qgPqPP3Em6wJXw,kOZohaAywZ8GFF6YjOyBVQ,4,36.0115778,-115.1381327
2-iZ3lifB5gGWcpP6EgCCw,knJh7agyWMdPyndI9dURjw,5,41.4987176,-81.6899059
-qj9ouN0bzMXz1vfEslG-A,F0c5AMuF_w49727bE7xV1w,4,36.1448234,-115.1020992
8-c_N_vSkwVieg8sHn_Ppw,5Nr1rkaTmyWqBAsil5CLDg,5,35.2279912,-80.843388
sDiiBvtwbwzTqEozByzaAQ,7B0qcp3pQw-zoGNySmYRqw,4,45.5193311,-73.5554149
EjA7rcw9F7By6GFQ7-t9WQ,3num8fBJ9Z0T_HfshUNcrA,4,43.6399626,-79.4403278
65yB0ydGXOZ_-T6J_GbKfw,NXNU8rqEwhHURjGmQJOqng,4,43.6267168,-79.5658697
yfXqZkU5iXE07GSHzdsQBA,MWde5YzXWcNbpQ0604yGKA,5,55.9294257,-3.2096007
P1cF6tuUES0jMpoTdWZSlQ,8R_oemw4rNjJL6sd40O_oQ,2,33.495514,-111.979848
TGrZk61ja7X1ijAGW5lNmg,_3lIBvmGuRzry5FNN1WprA,2,43.6616374,-79.3816808
xlkjaJUu2fVojeaaVgQPOw,ErYuSC1--vwE6Me3L4AMZw,4,33.6391149226,-112.359988689
Um-3UHQVVCtrX1m3chK5Bg,SgSVJWgMwFteYyz4OlHu9Q,5,36.1422276753,-115.279427806
aArP4vt3_7ylIRwovEuiVg,k2zlqOTGMo7j2q2xiewXwg,5,43.079962,-89.3695429
_ijx1PqANQVFLGNWCibdig,THadh2gExZ0AxzcLJbJf9g,3,36.01212,-115.153241
cpkkojfuNh4zaXHvgDZoMw,JExlaHCiJ54STFLyNLqZ9w,3,35.0535496,-80.8211696
vcMZqy8TCWqDPBdEVZVfmg,urkVZybwRNeOeu5vB2zUIg,4,43.7075984,-79.3756179
HXVx8dG5KxQZog6kdDraWg,BaMQOhwTsid9_D3MOxYduQ,4,45.497444,-73.579924
F3kQlBYlD__s-J9U2-HsEA,jTqEmLZFw-530alwgn1rYw,2,43.0748796,-89.3947703
7Oe6ikklTjVBbEFw9emLcA,vYOtdnBm-45KQiiHj8jqaw,4,36.1062048737,-115.174350297
7sNE58P4AvsX6QHE8ypCiA,AzZldizu_tF9plrxsj0JGQ,5,33.5834449,-111.9770187
HikPdCQGk1mk5JsPjur7Nw,XcricTBH9J2_2DpkYVGaCw,3,43.648316,-79.3941694
UNb9r8__MMVsAZFkpEJnew,4pxIMdUZKS1PsK4aVCOhPQ,5,36.0998789,-115.1285254
U0WU9d6gpMNkO_tPXK58Sg,GY2Ft91pI_JUnR6EfdE8TQ,3,36.1013532,-115.0523537
6b1TrqxJ6iK11tUtu3b2hw,Go030M_vCtfNBTMCyZOTcw,5,40.4432358318,-79.997539246
p_2daiuEk774FFHsKrCAlg,POJJ7wNPskz30XiyzwRZnQ,3,33.3791227554,-111.976794951
KXX1IileI-ZKv6HvkAkuiw,4sitViZ5-pr9wKjmCSK8ng,5,41.4377126098,-81.6991712898
SfY0jEFqBkrqq9bVi6P31Q,vYOtdnBm-45KQiiHj8jqaw,3,36.1062048737,-115.174350297
lKRbcLWDQmOmhcMa3vMCMA,kqTek_oBEKOKpIHI12JYhQ,3,45.4977003,-73.5785383
H4ECp8d_jYLGHsPCgD5ltw,cuyPAX7EceQkLmhKqo-ASA,2,43.6558,-79.4118219
v-ycLH_ziGCe8n6czSSl4g,pONAh36UidKWp0jU7ecwgw,1,33.6100311279,-111.927108765
6UPWBTOfNoaGRahqTX14Ag,Mksyt1TZQ-7vzCZjeuzfAg,2,43.7549837,-79.3489345
0rMkjnsRm82lOhyQH_3enQ,Oe5vJB0Riwg8RetgADqZMg,5,55.951308,-3.2253077
8bKpyXdiYF3ZKIB3QyEiVQ,XmgdFa3G_CZVfjtQEJMZfQ,4,43.6572066092,-79.4042482642
BhYROfCjIJsKUk22_IVHig,PBsxfsKbNHDc_efVYUYbTA,4,55.9252832725,-3.210421535
YRcaNlwQ6XXPFDXWtuMGdA,RA83jaYlKMvK0w3KYvTVKg,3,43.6705809,-79.3926817
yRm9czxWwbiJA-rtRAigcA,WECxgtrf9dyplOB4Iur9iA,4,55.9485903,-3.1937203
x5GG_pGk5kPGgQBallt7vg,2jqUYcKMYZXnpxNTkORJgQ,5,40.4514509,-79.9838567
xGKawGzxuIIITvnD49La5w,1XtaqIPSEarYEMBw5JZE_g,5,43.6467945,-79.4052387
135DbbQnr3BEkQbBzZ9T1A,w2tr0PA0b3tg8pId0kjM-A,3,40.438345,-79.921365
o0WGr8L3BWfH2Bslpnqw6g,2D00THQCGGHUrAuH08KOMg,4,55.9591744,-3.2122523
h9LPugJk2cpIh0gmQb5LnQ,ffKC05KiJWMB1ppjOYs9Hg,3,40.4559865,-79.9152205
9lOvvj908G6FkmlJfdSh7Q,Gh-qmVwvibLnNdqEZXcQHw,5,33.3537251724,-111.789452598
Yjer78RnYr7OCzirgdcOaw,_JvkW_J9JKc2s_PKRhkdUA,5,55.951536,-3.2039147
5p7fIgmWgP6yWdqJbSrlig,R4xJiZIgjQ8kb6mMRMJJjg,3,45.5003193,-73.5741694
C2oXAYS4H6uOf7CWLywUYQ,FXb6ea4_zxLaBN5cks4vgA,3,55.9518687794,-3.1987375564
7ugys-3LhtBR9IIG8UF11Q,-qapEPpNaxcpuGfATdjDEw,1,43.7810345,-79.4165737
7_RaCe5zzPBYWm9znlffUA,-yzBFD877La-RP739VxF7w,4,43.775339,-79.413432
uTRWF_Hd-Sbc164ixIP8ng,XP_VxsvYhnB3oONjUyLhQw,5,55.9476181,-3.2107816
5HjilK4MaY1XGzhx6EWzLQ,HYKTKG3X7jtLe6elxp63JQ,4,36.113303,-115.2618547
JnPIjvC0cmooNDfsa9BmXg,S_vKqJG07RebONg14xTi9A,2,43.6596723,-79.3773665
M4yYtAXehUzaHB1ghl6EXg,Ixp4JlKM1cuXloJ3xxYQDg,3,35.1522311,-80.8318968
81oHDSsk-VRJm-Bnn_ex1A,WJWXFL4aFQy7edFrRNxlWA,3,43.6471458,-79.3787906
zgFpxIm2_I86lhtHOdmjsQ,Y4aiTsQO1LrX0Saw00lOPg,2,36.117044,-115.262373
3LW_w3POTvwjl0gY-rHmmw,Xkk1YnKk4A7TOA2r6MtaTw,3,55.9446877,-3.1854324
oEshN5oq98_g23MvEnRc5A,Cl1GJCj28jn5Q6Z3oLOSoA,4,55.949949,-3.2078167
BrKoAfW32omNcaFqW9pKsA,lmxA0dJM0XsPCIHPXhEQ-g,5,36.1035317465,-115.174914458
yAdnKwB8ReKDY-0po46Thw,cKgUCzMGuRgkbKXUsgeXUw,4,33.498914,-111.928574
Rove-_SK-PAezQPQS7cnaQ,DgZ-pZUo3drzpiCDlDr9IQ,4,33.4133505,-111.8759922
NjNJ1JLnMlOfnDI6Oz6Qew,5zDP3Y2hdh6GJL9DVbQ2KA,5,36.019811,-115.053357
Y6rQQJiVHEn_SuScZzJSxg,_IQ9VXQ8WsyLmhw6HkGTHA,5,33.4875653,-112.0817553
CxDOIDnH8gp9KXzpBHJYXw,Du199LbeUS-oVmld_dcq1g,2,43.84985,-79.3476695
EtFYEN0sbxkZOOt3DE7vWg,bc3qgRXb8mln0CGgUCTdug,4,35.2140739,-80.826589
20D021OBLC2j5JH39FaF8g,g8OnV26ywJlZpezdBnOWUQ,2,36.144667,-115.239955
FwkBQO-lA-EgkA8t_EHqfw,L3yqbETHG6F7jt9kIOyDfw,4,43.6570248,-79.3586517
qibGLHABNReGeJr2w4_8yQ,RH031_bmo80rTPvqr2FLyw,5,33.3193403,-111.9415963
eK6FpEPv2urKpEjWwR45QQ,9dd-dLxZs8o0R27qDkKTUw,5,33.4154125,-111.8344903
J6E6NSpJqMBib9ydbchicg,E8AkdN9Adb_yRKLFiiSBFg,4,55.9445332,-3.1970816
y6To06jltp9_C0SHy48sSw,4m5g6GUGDN9NqkfA0dk9fA,4,36.1096948,-115.1701624
erJ1HQwavgZx4996SMIxrA,YRyYbOSwvHkZsZOLv98oQg,5,36.109883,-115.173887
22ITtShcXEQcR1M5Sb08pg,GjI8vHV8cAsZlhBpogoUEw,1,43.8566632979,-79.3323592035
mMl1zXOLGJeqZEYPJhspRw,FWxU3Ji7-K66zQqRPLyemw,3,43.6387,-79.417724
zPmSHgYVv3-izp6wIQ8ylA,kQVr4jgxgPspXA9oWO5gtw,1,43.6694004586,-79.412548542
48VpixVaQcPFw2w6UPHWww,U2m1WfXenwHrYxNSafBUOQ,3,43.6655415,-79.4097749
wOGfOjBaP-lCS1NW_En2LQ,JRoJwJkO-VtBFngswsIhgw,3,36.144013,-115.193147
8zRJrtAxuI2L4Xeq4QxD2g,TTEzgDKVBJYm1oHIlCMCEQ,5,33.6788573,-112.0311593
OMjqheLCafymV1f19n427g,pAY97dUh6vNRGSS9-UpRNw,3,48.774165,9.1726507
Q9mA60HnY87C1TW5kjAZ6Q,V0ZBqwBGsYuihpUbju_IQg,5,43.6757908,-79.4021044
t2O6rs4fZeY9o6ZY52RyJA,grZEbAsZwWA3yJMwDRl0Nw,5,43.6558222,-79.3937269
EC5TGpxONfz4IZIjML0DpQ,HeD3lqTuToEzd9RYHfAHXg,4,43.672646,-79.3812245
2Zzb-DoLenLpbt9pXhTQIg,NYf9TKBKPpa1wkA_uwIlfg,5,43.0832527245,-89.3643164635
H_-K6erSJYtzg3ZEvOg3EQ,_bbIPnxdLQDg9HBo9A9csQ,4,41.4749805,-81.6856808
RMOJLdLHdFai_ksWCMDOoA,st31J407tIt-gJJ1UcDNCA,3,55.9554572,-3.1903904
I1ym9JjScw9ydMmqgTPpew,zFqd25aj8xndERtdXyUWOQ,5,33.380374,-111.7280799
RMOJLdLHdFai_ksWCMDOoA,5Iin0tl6QJT_TyL1BldtyA,4,55.9534118,-3.2002669
iTxPwAK3uqAIg1YtB2nFKw,6We2O5X62J_gduXU7jvf8w,3,33.3057367,-111.9784297
SUnyBS7HB3Nv_C78ygbpnQ,H7rpWv02D6WTu6IpNNDkWw,4,43.6594335903,-79.3825173582
Xoqo8B_5bZ_JvmSXt644Uw,HroRqAmZWXywHNUCRsaQeg,4,43.6489897,-79.3723536
Y8akYgxl9PkE5LsZxwqRfg,r6LQthegYp4q2wx7vz5-5A,5,36.1139123,-115.1369385
kVbx7_6D5MmUJTEaKeiNkQ,BPc89yg3OecRkHcgukKeAg,2,35.1618211,-80.7362373
9lKCs1d4AE5eOmtIpuviAA,zbqxQ71SKSXFYyK7EVsNqA,5,33.519545,-111.5468301
AdRvifV3wzgvrP9EokXXUA,8R_oemw4rNjJL6sd40O_oQ,4,33.495514,-111.979848
Hqz_L-q1Ax34ihdSMIyB4A,VSy3WK0pRM_r4qgEtkj8Og,3,33.4492979,-112.0655423
QJI9OSEn6ujRCtrX06vs1w,AUHtMlJ04pzmB9X_fn0Vtg,3,33.508716,-112.273386
X2uF3C3YBD24xcgKA104Sw,Bz7XjJzwXURR-llBhA40Mg,3,55.9526026,-3.199813
R1PCyy2n0NLWr1NlTz4fmQ,V9DPZmn2irq3hC-X4vxaBg,4,43.6515772695,-79.3674376043
X2uF3C3YBD24xcgKA104Sw,H0IE2OnPSLQSxs3atGEIbw,1,55.9584814,-3.2082341
Cy1PV2TdYeDFA16mUOlr3Q,FqNXqRSm2-VQc3c32abIsQ,4,55.9505684,-3.1858501
y3FcL4bLy0eLlkb0SDPnBQ,_-jydOHIsqFMdpHY916ZcA,4,36.2679708751,-115.115599489
rXKjMIo0jVFmUfaqCqDs0Q,Vs4r5pjEwlgt9lUr_6jiGQ,4,45.4448013,-73.4397535
nyx1upP2fuHrcmAAC9jd5w,as_fyujgsdwtV56n31z-Sw,5,41.4795046,-81.8414304
EApzjWbLY-s0VKh5BwcR6Q,mMwBFBOKGJedbV1XWYNSXg,3,43.6685495,-79.3397581
trV3UzJZi2vUSMVrHaDIFg,w_UCGMgok7N9p0XdYBx1VQ,3,40.440287,-80.002585
-gQm-IoK2_BMEMx9OgtQnw,p4JsD_Ya0NRXNdnhbVBs0A,3,36.0612766,-115.0414723